OrderID,OrderDate,ProductCategory,Region,Distributor,SalesType,Quantity,UnitPrice,Revenue
1,2024-12-01,Health & Beauty,North,Distributor C,In-Store,7,400.31,2802.17
2,2025-05-08,Home & Garden,South,Distributor C,In-Store,8,303.34,2426.72
3,2025-01-23,Electronics,South,Distributor B,Online,7,228.46,1599.22
4,2025-01-30,Electronics,South,Distributor A,Online,7,38.46,269.22
5,2024-06-05,Electronics,North,Distributor C,In-Store,8,173.52,1388.16
6,2024-06-06,Home & Garden,South,Distributor D,In-Store,8,356.96,2855.68
7,2024-12-29,Home & Garden,North,Distributor B,Online,6,37.64,225.84
8,2024-10-29,Home & Garden,West,Distributor A,Online,8,417.9,3343.2
9,2025-05-14,Electronics,North,Distributor B,In-Store,6,10.38,62.28
10,2024-06-19,Clothing,West,Distributor A,Online,5,312.57,1562.85
11,2024-09-04,Sports,West,Distributor C,Online,6,13.46,80.76
12,2024-09-19,Clothing,East,Distributor B,In-Store,9,152.7,1374.3
13,2025-05-22,Electronics,West,Distributor C,In-Store,3,197.41,592.23
14,2024-12-29,Health & Beauty,East,Distributor A,In-Store,4,300.28,1201.12
15,2024-08-07,Sports,South,Distributor B,Online,3,431.37,1294.11
16,2024-10-13,Home & Garden,North,Distributor B,Online,7,93.56,654.92
17,2024-09-19,Health & Beauty,East,Distributor C,Online,7,16.5,115.5
18,2024-07-26,Home & Garden,West,Distributor A,Online,9,483.16,4348.44
19,2025-03-14,Health & Beauty,East,Distributor D,Online,2,198.85,397.7
20,2025-05-14,Health & Beauty,West,Distributor B,In-Store,5,123.14,615.7
21,2024-06-18,Sports,South,Distributor C,In-Store,7,308.9,2162.3
22,2025-05-21,Sports,West,Distributor A,Online,8,26.85,214.8
23,2025-01-27,Sports,North,Distributor D,Online,1,136.8,136.8
24,2024-07-30,Sports,South,Distributor D,Online,8,380.13,3041.04
25,2024-07-27,Home & Garden,North,Distributor D,Online,6,111.89,671.34
26,2024-10-04,Sports,South,Distributor B,Online,4,100.58,402.32
27,2025-01-03,Clothing,West,Distributor D,In-Store,2,389.82,779.64
28,2024-11-10,Sports,South,Distributor C,Online,2,203.62,407.24
29,2024-08-05,Health & Beauty,South,Distributor A,In-Store,4,302.97,1211.88
30,2024-06-22,Clothing,South,Distributor D,In-Store,8,289.52,2316.16
31,2025-01-23,Clothing,East,Distributor D,Online,9,480.97,4328.73
32,2024-06-07,Health & Beauty,South,Distributor A,In-Store,5,200.45,1002.25
33,2024-09-17,Home & Garden,North,Distributor A,In-Store,2,274.45,548.9
34,2024-10-12,Clothing,South,Distributor B,Online,8,184.81,1478.48
35,2024-09-12,Electronics,West,Distributor C,Online,9,155.17,1396.53
36,2024-11-05,Home & Garden,South,Distributor C,Online,1,17.66,17.66
37,2024-11-09,Sports,East,Distributor C,In-Store,9,388.4,3495.6
38,2024-12-15,Sports,North,Distributor A,In-Store,8,12.71,101.68
39,2025-06-02,Sports,East,Distributor B,In-Store,3,356.36,1069.08
40,2024-12-14,Health & Beauty,North,Distributor C,In-Store,3,397.19,1191.57
41,2024-08-12,Home & Garden,South,Distributor C,Online,5,463.89,2319.45
42,2024-08-28,Sports,South,Distributor B,Online,9,458.33,4124.97
43,2025-05-28,Home & Garden,West,Distributor D,Online,9,315.42,2838.78
44,2024-06-13,Health & Beauty,North,Distributor A,In-Store,2,56.75,113.5
45,2025-05-09,Health & Beauty,West,Distributor D,In-Store,7,162.38,1136.66
46,2024-07-20,Home & Garden,East,Distributor B,Online,8,336.3,2690.4
47,2025-04-04,Home & Garden,North,Distributor D,In-Store,8,144.61,1156.88
48,2024-08-12,Electronics,South,Distributor D,Online,3,241.39,724.17
49,2025-03-26,Health & Beauty,West,Distributor D,Online,5,486.14,2430.7
50,2025-05-21,Health & Beauty,South,Distributor A,Online,3,382.78,1148.34
51,2025-05-10,Clothing,South,Distributor A,Online,7,387.77,2714.39
52,2025-02-06,Electronics,East,Distributor A,Online,7,29.81,208.67
53,2024-07-29,Sports,East,Distributor C,Online,3,25.4,76.2
54,2025-05-15,Electronics,West,Distributor A,Online,7,242.93,1700.51
55,2025-03-28,Electronics,West,Distributor B,Online,4,454.71,1818.84
56,2024-08-27,Health & Beauty,West,Distributor C,Online,7,306.16,2143.12
57,2025-05-26,Electronics,South,Distributor A,Online,4,472.0,1888.0
58,2025-02-17,Health & Beauty,East,Distributor C,Online,7,151.98,1063.86
59,2025-03-07,Electronics,East,Distributor B,In-Store,6,441.43,2648.58
60,2025-04-19,Clothing,East,Distributor B,Online,9,61.69,555.21
61,2024-07-16,Health & Beauty,West,Distributor A,Online,4,447.35,1789.4
62,2025-01-30,Health & Beauty,West,Distributor B,Online,7,449.08,3143.56
63,2024-09-08,Health & Beauty,North,Distributor D,In-Store,7,454.35,3180.45
64,2025-02-27,Sports,South,Distributor A,Online,1,121.69,121.69
65,2024-11-01,Health & Beauty,West,Distributor B,Online,9,410.83,3697.47
66,2025-04-16,Health & Beauty,South,Distributor A,Online,9,159.34,1434.06
67,2025-02-18,Sports,West,Distributor B,Online,6,260.27,1561.62
68,2024-08-17,Health & Beauty,South,Distributor B,Online,9,247.57,2228.13
69,2025-01-02,Clothing,East,Distributor C,In-Store,1,68.73,68.73
70,2025-03-29,Home & Garden,West,Distributor D,Online,8,472.03,3776.24
71,2024-08-02,Home & Garden,North,Distributor B,Online,6,117.19,703.14
72,2025-01-24,Electronics,East,Distributor B,In-Store,8,354.48,2835.84
73,2025-02-01,Health & Beauty,West,Distributor C,Online,1,41.8,41.8
74,2024-06-26,Clothing,South,Distributor C,In-Store,4,130.97,523.88
75,2025-05-10,Electronics,East,Distributor C,In-Store,7,253.65,1775.55
76,2025-02-01,Electronics,West,Distributor D,Online,1,82.56,82.56
77,2025-02-17,Home & Garden,South,Distributor B,Online,8,28.07,224.56
78,2024-09-30,Sports,South,Distributor C,In-Store,1,488.54,488.54
79,2024-10-17,Clothing,North,Distributor A,Online,6,26.19,157.14
80,2025-05-02,Electronics,South,Distributor B,Online,1,320.83,320.83
81,2025-05-03,Health & Beauty,East,Distributor C,Online,2,270.16,540.32
82,2024-08-10,Electronics,West,Distributor B,In-Store,6,128.61,771.66
83,2024-11-23,Home & Garden,North,Distributor D,In-Store,4,49.62,198.48
84,2024-10-28,Electronics,North,Distributor D,In-Store,8,126.44,1011.52
85,2024-12-07,Electronics,West,Distributor B,In-Store,6,190.21,1141.26
86,2025-05-06,Sports,East,Distributor B,Online,4,491.88,1967.52
87,2025-02-19,Electronics,West,Distributor C,In-Store,6,272.53,1635.18
88,2024-12-02,Sports,North,Distributor D,In-Store,1,83.85,83.85
89,2024-07-24,Sports,South,Distributor D,In-Store,6,350.95,2105.7
90,2024-10-20,Electronics,West,Distributor B,Online,3,299.54,898.62
91,2025-05-11,Clothing,West,Distributor C,In-Store,4,18.13,72.52
92,2024-09-07,Clothing,West,Distributor C,In-Store,3,406.66,1219.98
93,2025-03-23,Sports,North,Distributor C,Online,4,326.13,1304.52
94,2024-12-16,Electronics,South,Distributor B,Online,4,470.86,1883.44
95,2025-03-24,Health & Beauty,North,Distributor A,Online,8,199.5,1596.0
96,2024-12-31,Clothing,West,Distributor B,Online,2,420.48,840.96
97,2024-07-07,Electronics,West,Distributor A,Online,9,65.6,590.4
98,2024-12-25,Home & Garden,North,Distributor D,Online,7,275.31,1927.17
99,2024-12-24,Electronics,East,Distributor C,Online,3,121.99,365.97
100,2024-10-24,Clothing,South,Distributor D,Online,9,263.15,2368.35
101,2025-03-14,Electronics,North,Distributor B,In-Store,1,128.51,128.51
102,2025-05-21,Electronics,East,Distributor C,In-Store,5,451.2,2256.0
103,2025-03-21,Clothing,South,Distributor B,Online,7,176.12,1232.84
104,2024-10-02,Clothing,East,Distributor D,Online,3,353.18,1059.54
105,2025-01-12,Home & Garden,West,Distributor A,Online,3,429.6,1288.8
106,2024-07-28,Sports,South,Distributor B,In-Store,6,392.14,2352.84
107,2025-05-14,Electronics,West,Distributor C,Online,8,426.95,3415.6
108,2024-11-14,Sports,North,Distributor A,In-Store,1,89.2,89.2
109,2024-12-24,Health & Beauty,East,Distributor A,Online,6,337.8,2026.8
110,2024-10-26,Clothing,West,Distributor C,Online,3,192.42,577.26
111,2024-10-05,Sports,South,Distributor D,In-Store,9,335.12,3016.08
112,2024-08-29,Electronics,South,Distributor A,Online,2,88.8,177.6
113,2025-05-12,Electronics,West,Distributor B,Online,2,247.95,495.9
114,2025-03-03,Home & Garden,South,Distributor A,In-Store,3,329.46,988.38
115,2024-07-15,Home & Garden,North,Distributor B,Online,9,96.2,865.8
116,2025-02-09,Clothing,South,Distributor D,In-Store,4,126.25,505.0
117,2024-07-10,Health & Beauty,West,Distributor A,Online,5,97.62,488.1
118,2025-05-22,Home & Garden,South,Distributor D,Online,8,328.32,2626.56
119,2025-05-07,Sports,East,Distributor D,In-Store,7,363.26,2542.82
120,2024-11-01,Clothing,South,Distributor A,Online,1,275.84,275.84
121,2024-12-01,Sports,South,Distributor C,Online,3,321.8,965.4
122,2024-09-03,Clothing,South,Distributor C,In-Store,6,129.55,777.3
123,2024-06-15,Home & Garden,East,Distributor B,Online,6,489.66,2937.96
124,2024-08-31,Electronics,South,Distributor B,In-Store,3,447.1,1341.3
125,2024-11-04,Sports,South,Distributor B,In-Store,2,181.54,363.08
126,2024-10-12,Health & Beauty,South,Distributor C,Online,1,292.68,292.68
127,2025-01-31,Sports,North,Distributor C,Online,1,105.67,105.67
128,2025-03-23,Sports,South,Distributor C,Online,3,290.28,870.84
129,2025-01-24,Home & Garden,East,Distributor D,Online,1,31.37,31.37
130,2024-06-16,Clothing,West,Distributor D,Online,5,442.91,2214.55
131,2024-11-16,Electronics,East,Distributor A,In-Store,9,477.01,4293.09
132,2024-09-09,Sports,West,Distributor B,Online,1,280.85,280.85
133,2025-04-24,Sports,North,Distributor D,In-Store,3,490.36,1471.08
134,2025-05-21,Electronics,North,Distributor D,In-Store,4,154.28,617.12
135,2024-11-21,Sports,East,Distributor A,Online,5,103.55,517.75
136,2025-03-07,Clothing,East,Distributor A,In-Store,1,165.29,165.29
137,2025-02-10,Electronics,West,Distributor A,In-Store,2,282.83,565.66
138,2025-05-24,Sports,South,Distributor B,Online,6,351.05,2106.3
139,2025-01-05,Clothing,North,Distributor C,Online,8,44.5,356.0
140,2025-04-21,Health & Beauty,South,Distributor C,In-Store,2,311.35,622.7
141,2025-05-15,Home & Garden,East,Distributor C,Online,6,185.74,1114.44
142,2025-01-09,Electronics,South,Distributor D,In-Store,2,168.05,336.1
143,2024-11-20,Electronics,West,Distributor D,Online,8,351.54,2812.32
144,2025-05-30,Health & Beauty,East,Distributor A,Online,6,186.15,1116.9
145,2025-03-02,Health & Beauty,West,Distributor C,Online,7,215.69,1509.83
146,2024-09-29,Electronics,East,Distributor D,Online,2,434.87,869.74
147,2024-12-21,Sports,West,Distributor C,Online,7,255.74,1790.18
148,2025-05-12,Electronics,West,Distributor D,Online,4,328.48,1313.92
149,2025-03-16,Health & Beauty,West,Distributor D,In-Store,3,175.62,526.86
150,2024-07-14,Clothing,East,Distributor A,In-Store,2,56.05,112.1
151,2024-07-22,Sports,South,Distributor C,Online,7,339.29,2375.03
152,2024-08-11,Clothing,East,Distributor C,In-Store,3,238.14,714.42
153,2025-02-26,Clothing,East,Distributor B,Online,6,299.51,1797.06
154,2025-06-02,Electronics,East,Distributor B,In-Store,6,132.62,795.72
155,2024-08-25,Sports,North,Distributor C,In-Store,6,158.6,951.6
156,2024-07-19,Clothing,East,Distributor C,In-Store,5,265.9,1329.5
157,2025-04-02,Health & Beauty,East,Distributor A,Online,5,143.06,715.3
158,2024-06-17,Electronics,North,Distributor B,Online,5,234.06,1170.3
159,2025-01-17,Sports,South,Distributor C,Online,6,35.32,211.92
160,2025-03-25,Health & Beauty,South,Distributor C,Online,4,211.56,846.24
161,2024-08-04,Home & Garden,North,Distributor A,Online,3,322.34,967.02
162,2025-03-31,Clothing,East,Distributor C,In-Store,4,75.05,300.2
163,2025-05-04,Electronics,West,Distributor C,Online,2,262.99,525.98
164,2024-12-07,Sports,South,Distributor C,Online,3,399.64,1198.92
165,2025-05-29,Home & Garden,East,Distributor B,In-Store,3,225.1,675.3
166,2024-11-21,Electronics,North,Distributor D,In-Store,7,132.92,930.44
167,2025-02-03,Health & Beauty,South,Distributor B,In-Store,5,49.63,248.15
168,2024-09-30,Home & Garden,North,Distributor C,Online,9,347.36,3126.24
169,2025-05-03,Sports,West,Distributor C,Online,1,94.91,94.91
170,2024-09-15,Electronics,South,Distributor B,Online,1,226.75,226.75
171,2024-12-23,Home & Garden,West,Distributor C,In-Store,6,360.15,2160.9
172,2024-07-13,Home & Garden,North,Distributor D,In-Store,8,467.96,3743.68
173,2025-05-28,Sports,South,Distributor B,Online,1,477.88,477.88
174,2025-03-07,Sports,West,Distributor A,Online,7,331.98,2323.86
175,2024-10-24,Sports,West,Distributor B,Online,5,309.74,1548.7
176,2024-12-01,Clothing,North,Distributor A,Online,7,33.38,233.66
177,2025-06-01,Sports,South,Distributor A,Online,3,381.34,1144.02
178,2025-03-12,Electronics,East,Distributor A,Online,9,177.52,1597.68
179,2025-03-07,Electronics,West,Distributor A,In-Store,5,56.14,280.7
180,2025-01-19,Home & Garden,South,Distributor A,Online,4,95.91,383.64
181,2025-04-09,Sports,North,Distributor B,In-Store,5,242.0,1210.0
182,2024-07-09,Health & Beauty,West,Distributor D,In-Store,1,237.69,237.69
183,2024-10-20,Electronics,East,Distributor B,Online,5,205.27,1026.35
184,2024-12-05,Home & Garden,North,Distributor A,In-Store,6,321.2,1927.2
185,2024-10-26,Clothing,South,Distributor B,In-Store,2,137.84,275.68
186,2025-04-05,Health & Beauty,West,Distributor C,In-Store,3,256.54,769.62
187,2025-04-26,Electronics,South,Distributor C,Online,1,274.29,274.29
188,2024-10-06,Sports,East,Distributor B,Online,4,311.77,1247.08
189,2025-03-23,Electronics,South,Distributor D,Online,7,472.68,3308.76
190,2025-04-06,Health & Beauty,West,Distributor A,In-Store,4,291.98,1167.92
191,2024-08-05,Health & Beauty,North,Distributor C,In-Store,2,290.95,581.9
192,2025-01-20,Home & Garden,North,Distributor B,In-Store,1,234.54,234.54
193,2025-03-13,Home & Garden,East,Distributor B,In-Store,3,412.11,1236.33
194,2024-08-16,Sports,North,Distributor A,Online,3,412.01,1236.03
195,2025-06-02,Health & Beauty,South,Distributor C,Online,8,453.62,3628.96
196,2025-04-26,Health & Beauty,North,Distributor A,In-Store,2,29.09,58.18
197,2025-01-11,Health & Beauty,West,Distributor A,Online,2,344.67,689.34
198,2024-06-07,Home & Garden,East,Distributor A,In-Store,1,331.3,331.3
199,2024-09-30,Home & Garden,South,Distributor B,Online,2,137.74,275.48
200,2025-05-21,Clothing,South,Distributor C,In-Store,7,67.9,475.3
201,2025-05-14,Clothing,West,Distributor B,Online,5,180.68,903.4
202,2024-06-08,Sports,West,Distributor A,In-Store,8,370.18,2961.44
203,2024-06-13,Electronics,West,Distributor A,Online,5,484.11,2420.55
204,2024-10-19,Home & Garden,West,Distributor D,In-Store,4,96.95,387.8
205,2024-10-19,Clothing,East,Distributor A,In-Store,9,288.57,2597.13
206,2025-03-10,Health & Beauty,South,Distributor A,Online,3,495.35,1486.05
207,2024-09-15,Sports,South,Distributor C,In-Store,4,192.29,769.16
208,2024-07-07,Health & Beauty,South,Distributor C,Online,7,294.47,2061.29
209,2024-08-27,Electronics,East,Distributor C,In-Store,7,466.07,3262.49
210,2024-12-08,Sports,South,Distributor A,Online,5,126.91,634.55
211,2025-01-16,Sports,West,Distributor B,Online,7,377.93,2645.51
212,2024-06-21,Health & Beauty,West,Distributor C,Online,9,126.74,1140.66
213,2024-12-03,Clothing,East,Distributor B,In-Store,1,271.82,271.82
214,2024-10-20,Sports,East,Distributor D,Online,4,414.96,1659.84
215,2024-10-09,Home & Garden,North,Distributor B,In-Store,6,155.84,935.04
216,2025-02-08,Home & Garden,South,Distributor D,Online,3,200.71,602.13
217,2025-03-22,Health & Beauty,South,Distributor A,In-Store,9,425.1,3825.9
218,2025-05-20,Home & Garden,East,Distributor D,In-Store,9,166.46,1498.14
219,2025-03-15,Home & Garden,East,Distributor C,Online,4,290.98,1163.92
220,2025-01-20,Electronics,South,Distributor C,Online,5,54.94,274.7
221,2025-04-09,Sports,East,Distributor A,Online,9,281.31,2531.79
222,2024-07-01,Sports,East,Distributor A,Online,5,378.66,1893.3
223,2024-08-17,Sports,West,Distributor C,Online,7,392.84,2749.88
224,2025-04-21,Clothing,South,Distributor A,In-Store,7,54.69,382.83
225,2024-10-30,Home & Garden,North,Distributor B,In-Store,7,498.01,3486.07
226,2025-05-21,Home & Garden,South,Distributor D,In-Store,5,371.15,1855.75
227,2024-12-11,Clothing,North,Distributor A,Online,2,484.64,969.28
228,2025-04-19,Health & Beauty,North,Distributor B,Online,9,383.14,3448.26
229,2024-10-06,Electronics,West,Distributor B,In-Store,1,59.55,59.55
230,2024-10-03,Electronics,South,Distributor D,In-Store,7,218.78,1531.46
231,2024-11-25,Sports,East,Distributor C,Online,8,45.65,365.2
232,2025-03-25,Sports,West,Distributor A,In-Store,2,447.03,894.06
233,2024-07-21,Health & Beauty,West,Distributor D,Online,2,49.86,99.72
234,2025-05-30,Health & Beauty,North,Distributor C,Online,5,124.28,621.4
235,2024-11-29,Clothing,South,Distributor D,Online,8,193.39,1547.12
236,2025-04-28,Electronics,South,Distributor D,In-Store,1,441.38,441.38
237,2025-05-30,Electronics,East,Distributor D,Online,1,474.15,474.15
238,2025-04-02,Home & Garden,West,Distributor B,In-Store,9,300.03,2700.27
239,2025-05-27,Health & Beauty,South,Distributor B,In-Store,4,194.37,777.48
240,2024-10-13,Sports,West,Distributor A,Online,3,390.8,1172.4
241,2025-04-22,Electronics,North,Distributor D,In-Store,6,355.49,2132.94
242,2024-06-10,Clothing,East,Distributor B,In-Store,3,64.49,193.47
243,2024-08-05,Electronics,East,Distributor A,Online,3,134.3,402.9
244,2024-10-18,Health & Beauty,West,Distributor A,In-Store,2,239.64,479.28
245,2024-06-09,Health & Beauty,East,Distributor B,In-Store,4,68.22,272.88
246,2024-06-27,Electronics,North,Distributor B,Online,9,374.66,3371.94
247,2024-09-13,Health & Beauty,East,Distributor A,In-Store,3,295.85,887.55
248,2024-06-11,Sports,North,Distributor A,Online,9,193.69,1743.21
249,2024-09-26,Sports,East,Distributor C,In-Store,1,50.62,50.62
250,2024-11-19,Electronics,South,Distributor C,In-Store,1,119.56,119.56
251,2024-10-17,Sports,West,Distributor A,Online,6,403.03,2418.18
252,2025-03-17,Electronics,West,Distributor D,Online,5,31.27,156.35
253,2024-07-15,Home & Garden,West,Distributor B,In-Store,5,496.55,2482.75
254,2024-07-10,Home & Garden,West,Distributor B,In-Store,5,133.97,669.85
255,2024-06-17,Health & Beauty,North,Distributor D,Online,3,484.96,1454.88
256,2025-02-03,Clothing,South,Distributor A,Online,2,91.45,182.9
257,2025-02-10,Sports,East,Distributor B,In-Store,1,350.92,350.92
258,2025-04-10,Health & Beauty,North,Distributor D,In-Store,1,317.5,317.5
259,2024-12-22,Clothing,South,Distributor A,In-Store,6,198.26,1189.56
260,2024-06-22,Electronics,South,Distributor C,In-Store,7,32.27,225.89
261,2024-07-31,Health & Beauty,East,Distributor C,Online,8,203.32,1626.56
262,2025-04-18,Home & Garden,West,Distributor B,Online,8,313.86,2510.88
263,2024-06-06,Sports,West,Distributor C,Online,8,93.14,745.12
264,2024-12-14,Home & Garden,East,Distributor B,Online,4,237.21,948.84
265,2024-09-26,Clothing,East,Distributor B,In-Store,2,140.31,280.62
266,2024-06-25,Sports,West,Distributor B,In-Store,5,487.45,2437.25
267,2025-01-30,Clothing,West,Distributor A,In-Store,6,25.83,154.98
268,2024-09-23,Health & Beauty,West,Distributor C,In-Store,9,161.67,1455.03
269,2024-09-10,Electronics,West,Distributor B,Online,4,305.36,1221.44
270,2025-04-07,Clothing,East,Distributor A,In-Store,3,413.04,1239.12
271,2024-10-22,Clothing,East,Distributor B,In-Store,2,214.15,428.3
272,2024-08-17,Electronics,North,Distributor A,In-Store,5,310.57,1552.85
273,2025-03-29,Clothing,North,Distributor D,Online,2,50.55,101.1
274,2024-07-01,Electronics,North,Distributor D,In-Store,2,280.28,560.56
275,2024-09-05,Electronics,West,Distributor B,In-Store,5,22.92,114.6
276,2024-11-15,Sports,North,Distributor D,In-Store,1,391.03,391.03
277,2025-04-07,Health & Beauty,South,Distributor A,In-Store,2,493.77,987.54
278,2024-07-04,Clothing,West,Distributor C,Online,1,194.6,194.6
279,2024-10-02,Electronics,West,Distributor B,Online,9,485.26,4367.34
280,2025-01-09,Sports,North,Distributor C,Online,1,420.78,420.78
281,2025-04-14,Home & Garden,East,Distributor B,In-Store,2,28.04,56.08
282,2024-06-25,Electronics,West,Distributor C,In-Store,1,16.7,16.7
283,2025-04-11,Clothing,North,Distributor A,Online,7,433.71,3035.97
284,2025-06-04,Clothing,South,Distributor D,Online,1,271.83,271.83
285,2025-03-05,Home & Garden,South,Distributor B,In-Store,5,498.35,2491.75
286,2025-02-19,Health & Beauty,North,Distributor B,In-Store,5,296.72,1483.6
287,2024-09-06,Home & Garden,West,Distributor D,Online,5,472.94,2364.7
288,2025-01-06,Electronics,East,Distributor D,Online,3,131.2,393.6
289,2024-09-25,Clothing,East,Distributor A,In-Store,9,73.29,659.61
290,2025-01-06,Sports,East,Distributor C,In-Store,3,144.62,433.86
291,2024-07-28,Home & Garden,South,Distributor B,Online,4,122.03,488.12
292,2025-01-09,Electronics,South,Distributor D,Online,1,380.93,380.93
293,2024-11-23,Home & Garden,South,Distributor D,Online,2,185.5,371.0
294,2024-07-04,Sports,North,Distributor B,In-Store,8,20.87,166.96
295,2024-11-24,Electronics,South,Distributor D,Online,2,243.34,486.68
296,2024-08-13,Home & Garden,South,Distributor C,Online,3,264.88,794.64
297,2025-05-06,Clothing,North,Distributor C,Online,1,280.43,280.43
298,2025-02-25,Clothing,North,Distributor D,Online,5,53.32,266.6
299,2024-11-05,Electronics,East,Distributor C,In-Store,9,299.08,2691.72
300,2024-12-14,Sports,West,Distributor A,Online,7,380.02,2660.14
301,2024-09-17,Health & Beauty,South,Distributor B,Online,5,323.29,1616.45
302,2024-07-08,Electronics,East,Distributor D,Online,3,452.54,1357.62
303,2024-08-13,Clothing,East,Distributor B,Online,2,181.79,363.58
304,2025-01-16,Clothing,South,Distributor B,In-Store,2,321.96,643.92
305,2024-11-08,Sports,East,Distributor D,Online,3,453.04,1359.12
306,2024-11-26,Home & Garden,South,Distributor A,Online,4,278.25,1113.0
307,2025-04-21,Electronics,South,Distributor D,In-Store,1,393.99,393.99
308,2024-07-25,Home & Garden,East,Distributor D,In-Store,7,266.57,1865.99
309,2024-11-02,Electronics,West,Distributor B,In-Store,1,475.27,475.27
310,2024-12-09,Electronics,West,Distributor D,Online,4,235.08,940.32
311,2025-04-29,Sports,North,Distributor B,In-Store,1,251.14,251.14
312,2024-08-02,Clothing,South,Distributor B,In-Store,4,234.98,939.92
313,2025-03-13,Clothing,West,Distributor D,Online,2,314.19,628.38
314,2025-03-16,Health & Beauty,West,Distributor C,In-Store,2,171.09,342.18
315,2025-05-07,Health & Beauty,West,Distributor B,Online,3,273.26,819.78
316,2025-05-10,Clothing,West,Distributor B,Online,7,72.74,509.18
317,2024-08-01,Health & Beauty,East,Distributor D,Online,6,351.86,2111.16
318,2024-06-12,Sports,North,Distributor D,Online,4,99.12,396.48
319,2025-05-15,Health & Beauty,North,Distributor D,Online,8,211.71,1693.68
320,2024-10-13,Sports,North,Distributor A,In-Store,3,262.47,787.41
321,2024-11-03,Sports,South,Distributor A,Online,2,304.95,609.9
322,2025-04-17,Health & Beauty,East,Distributor A,Online,3,30.03,90.09
323,2024-08-24,Health & Beauty,South,Distributor B,Online,5,179.09,895.45
324,2025-01-22,Clothing,South,Distributor A,In-Store,6,53.46,320.76
325,2024-06-18,Health & Beauty,North,Distributor C,In-Store,1,271.87,271.87
326,2024-10-12,Electronics,South,Distributor B,Online,2,73.09,146.18
327,2024-07-07,Clothing,South,Distributor A,Online,9,55.22,496.98
328,2024-07-31,Sports,East,Distributor B,Online,9,347.01,3123.09
329,2025-05-10,Home & Garden,North,Distributor A,Online,8,438.05,3504.4
330,2024-12-27,Health & Beauty,West,Distributor D,In-Store,1,145.67,145.67
331,2025-02-28,Sports,West,Distributor A,Online,1,51.41,51.41
332,2025-05-04,Health & Beauty,East,Distributor C,Online,3,100.42,301.26
333,2025-01-03,Electronics,East,Distributor A,In-Store,8,247.42,1979.36
334,2025-03-17,Clothing,East,Distributor A,In-Store,7,270.32,1892.24
335,2025-02-20,Sports,North,Distributor C,Online,2,376.26,752.52
336,2024-07-14,Home & Garden,South,Distributor C,Online,8,75.23,601.84
337,2024-11-21,Electronics,East,Distributor A,Online,3,448.65,1345.95
338,2024-11-07,Sports,East,Distributor B,In-Store,2,229.23,458.46
339,2024-08-31,Clothing,South,Distributor B,In-Store,3,204.61,613.83
340,2024-10-25,Health & Beauty,West,Distributor C,Online,9,371.33,3341.97
341,2025-03-31,Sports,West,Distributor C,Online,7,167.82,1174.74
342,2024-12-01,Health & Beauty,East,Distributor B,Online,7,53.71,375.97
343,2024-12-12,Clothing,East,Distributor C,Online,9,446.36,4017.24
344,2024-06-09,Sports,East,Distributor B,In-Store,4,242.25,969.0
345,2024-07-07,Home & Garden,West,Distributor D,In-Store,3,327.92,983.76
346,2024-10-08,Health & Beauty,West,Distributor A,In-Store,2,52.59,105.18
347,2024-12-20,Electronics,North,Distributor A,Online,6,297.55,1785.3
348,2024-12-30,Electronics,West,Distributor A,In-Store,8,297.4,2379.2
349,2025-03-25,Health & Beauty,East,Distributor D,Online,3,195.6,586.8
350,2024-12-26,Electronics,West,Distributor D,In-Store,5,187.91,939.55
351,2025-03-08,Home & Garden,West,Distributor A,Online,2,129.73,259.46
352,2025-04-14,Health & Beauty,North,Distributor A,In-Store,6,306.83,1840.98
353,2024-12-24,Health & Beauty,West,Distributor D,In-Store,1,13.69,13.69
354,2024-09-05,Clothing,West,Distributor C,Online,5,84.9,424.5
355,2025-02-06,Home & Garden,South,Distributor D,In-Store,7,249.03,1743.21
356,2024-09-20,Sports,East,Distributor A,Online,8,449.42,3595.36
357,2024-12-13,Health & Beauty,West,Distributor B,In-Store,7,35.3,247.1
358,2025-05-16,Health & Beauty,North,Distributor A,In-Store,8,351.51,2812.08
359,2024-07-26,Sports,West,Distributor B,Online,8,64.9,519.2
360,2024-08-12,Clothing,East,Distributor A,Online,2,292.24,584.48
361,2024-11-27,Clothing,North,Distributor A,In-Store,4,12.6,50.4
362,2025-01-14,Sports,East,Distributor D,Online,6,136.37,818.22
363,2025-03-16,Clothing,North,Distributor D,Online,8,364.22,2913.76
364,2024-07-12,Electronics,South,Distributor D,In-Store,9,362.04,3258.36
365,2024-11-07,Home & Garden,South,Distributor A,Online,8,243.54,1948.32
366,2024-10-30,Home & Garden,West,Distributor A,Online,5,101.65,508.25
367,2024-12-11,Electronics,North,Distributor C,Online,6,358.37,2150.22
368,2025-04-09,Sports,West,Distributor C,In-Store,4,258.73,1034.92
369,2024-08-03,Sports,West,Distributor C,Online,1,269.62,269.62
370,2025-04-28,Electronics,South,Distributor D,Online,1,309.2,309.2
371,2024-08-16,Sports,West,Distributor A,Online,6,294.81,1768.86
372,2024-10-20,Electronics,North,Distributor B,In-Store,4,167.11,668.44
373,2024-09-10,Sports,South,Distributor B,In-Store,3,35.39,106.17
374,2025-04-15,Clothing,West,Distributor C,In-Store,2,232.59,465.18
375,2025-02-05,Electronics,South,Distributor C,In-Store,5,41.05,205.25
376,2025-02-18,Clothing,East,Distributor C,In-Store,2,167.95,335.9
377,2024-09-30,Clothing,West,Distributor D,Online,2,53.06,106.12
378,2024-09-01,Health & Beauty,East,Distributor B,Online,5,11.33,56.65
379,2025-03-04,Home & Garden,South,Distributor A,In-Store,9,301.86,2716.74
380,2025-02-09,Clothing,West,Distributor C,Online,8,306.99,2455.92
381,2024-11-05,Home & Garden,North,Distributor A,Online,3,180.95,542.85
382,2025-04-12,Electronics,South,Distributor D,Online,1,426.86,426.86
383,2025-03-11,Sports,North,Distributor C,In-Store,2,70.91,141.82
384,2025-02-05,Health & Beauty,West,Distributor A,Online,8,495.56,3964.48
385,2025-03-06,Clothing,West,Distributor C,In-Store,2,98.8,197.6
386,2024-10-09,Electronics,North,Distributor D,Online,3,463.96,1391.88
387,2025-03-26,Home & Garden,West,Distributor A,In-Store,6,33.57,201.42
388,2025-05-20,Clothing,West,Distributor D,In-Store,8,415.69,3325.52
389,2025-05-06,Home & Garden,East,Distributor D,Online,5,108.8,544.0
390,2024-06-19,Clothing,North,Distributor B,In-Store,3,90.49,271.47
391,2024-08-29,Electronics,North,Distributor B,In-Store,5,125.49,627.45
392,2025-05-14,Clothing,North,Distributor B,Online,4,164.94,659.76
393,2024-12-04,Sports,East,Distributor D,In-Store,9,344.66,3101.94
394,2025-04-13,Electronics,East,Distributor D,In-Store,8,225.18,1801.44
395,2025-03-26,Home & Garden,East,Distributor B,Online,3,315.81,947.43
396,2024-07-29,Electronics,West,Distributor B,In-Store,1,376.33,376.33
397,2025-04-07,Sports,West,Distributor B,Online,1,123.78,123.78
398,2025-03-29,Health & Beauty,South,Distributor D,Online,1,201.83,201.83
399,2024-07-17,Home & Garden,East,Distributor D,Online,2,276.34,552.68
400,2025-03-19,Health & Beauty,West,Distributor D,In-Store,8,122.22,977.76
401,2024-10-25,Clothing,North,Distributor C,In-Store,7,67.28,470.96
402,2025-06-01,Home & Garden,West,Distributor C,Online,6,173.08,1038.48
403,2025-03-19,Electronics,East,Distributor B,In-Store,3,174.1,522.3
404,2024-07-21,Home & Garden,North,Distributor D,Online,4,399.07,1596.28
405,2024-12-22,Home & Garden,South,Distributor D,In-Store,1,271.4,271.4
406,2025-01-03,Home & Garden,West,Distributor D,Online,7,290.84,2035.88
407,2024-12-31,Home & Garden,South,Distributor B,In-Store,6,378.68,2272.08
408,2025-01-21,Sports,East,Distributor D,In-Store,5,391.5,1957.5
409,2024-12-21,Clothing,North,Distributor B,In-Store,1,26.43,26.43
410,2024-12-04,Home & Garden,South,Distributor A,Online,6,359.89,2159.34
411,2024-12-19,Clothing,North,Distributor B,Online,5,439.62,2198.1
412,2024-07-22,Home & Garden,North,Distributor B,In-Store,1,60.43,60.43
413,2025-05-08,Health & Beauty,East,Distributor B,Online,4,233.93,935.72
414,2024-06-26,Sports,South,Distributor B,Online,4,204.67,818.68
415,2025-04-26,Home & Garden,North,Distributor D,Online,8,83.46,667.68
416,2024-09-11,Sports,East,Distributor C,In-Store,4,363.9,1455.6
417,2024-12-08,Sports,East,Distributor A,Online,2,15.98,31.96
418,2024-06-17,Home & Garden,East,Distributor C,Online,3,350.03,1050.09
419,2025-01-29,Sports,East,Distributor B,Online,4,360.93,1443.72
420,2024-09-29,Electronics,North,Distributor A,Online,5,415.13,2075.65
421,2024-08-22,Home & Garden,South,Distributor D,Online,8,295.86,2366.88
422,2024-07-22,Clothing,South,Distributor B,In-Store,8,217.56,1740.48
423,2024-07-03,Electronics,North,Distributor A,In-Store,8,257.89,2063.12
424,2025-02-25,Sports,East,Distributor B,Online,9,135.45,1219.05
425,2025-04-08,Home & Garden,East,Distributor A,In-Store,8,437.34,3498.72
426,2025-01-06,Sports,West,Distributor C,Online,4,460.19,1840.76
427,2024-06-24,Health & Beauty,East,Distributor B,Online,5,462.02,2310.1
428,2024-08-26,Health & Beauty,East,Distributor A,Online,8,329.17,2633.36
429,2025-01-02,Clothing,North,Distributor C,Online,1,292.38,292.38
430,2024-08-14,Clothing,South,Distributor B,In-Store,9,217.82,1960.38
431,2025-03-31,Electronics,East,Distributor C,In-Store,8,421.82,3374.56
432,2024-09-29,Electronics,West,Distributor D,In-Store,7,70.18,491.26
433,2025-03-30,Clothing,North,Distributor C,In-Store,5,492.57,2462.85
434,2024-10-01,Health & Beauty,North,Distributor B,Online,4,71.08,284.32
435,2024-12-02,Clothing,East,Distributor D,In-Store,9,172.75,1554.75
436,2024-10-21,Clothing,East,Distributor C,In-Store,6,264.23,1585.38
437,2024-08-30,Clothing,East,Distributor D,Online,8,307.87,2462.96
438,2024-09-22,Clothing,West,Distributor C,In-Store,9,374.68,3372.12
439,2024-10-10,Home & Garden,South,Distributor B,In-Store,4,396.02,1584.08
440,2024-06-05,Electronics,West,Distributor A,Online,9,65.99,593.91
441,2024-08-02,Clothing,West,Distributor B,Online,4,273.32,1093.28
442,2024-07-16,Clothing,South,Distributor B,Online,6,179.71,1078.26
443,2025-05-31,Sports,South,Distributor C,Online,2,245.61,491.22
444,2024-08-03,Sports,South,Distributor D,Online,1,297.66,297.66
445,2024-09-20,Health & Beauty,East,Distributor D,Online,3,131.63,394.89
446,2024-11-14,Health & Beauty,East,Distributor C,In-Store,9,254.2,2287.8
447,2024-09-15,Sports,South,Distributor B,Online,6,26.6,159.6
448,2025-02-06,Clothing,North,Distributor C,Online,1,187.57,187.57
449,2025-03-31,Clothing,North,Distributor B,Online,6,117.85,707.1
450,2025-05-27,Health & Beauty,East,Distributor B,Online,2,335.13,670.26
451,2024-09-10,Sports,South,Distributor B,Online,7,488.02,3416.14
452,2025-05-04,Sports,South,Distributor A,In-Store,9,82.84,745.56
453,2024-10-27,Clothing,North,Distributor A,Online,6,431.71,2590.26
454,2024-07-20,Electronics,East,Distributor A,In-Store,8,256.08,2048.64
455,2025-03-10,Clothing,West,Distributor A,Online,1,161.87,161.87
456,2025-05-03,Health & Beauty,West,Distributor C,Online,7,219.13,1533.91
457,2024-08-31,Home & Garden,West,Distributor A,Online,8,450.05,3600.4
458,2025-05-11,Health & Beauty,North,Distributor C,In-Store,1,27.91,27.91
459,2024-07-15,Electronics,East,Distributor D,Online,8,297.85,2382.8
460,2024-12-26,Sports,East,Distributor A,Online,1,390.01,390.01
461,2024-08-12,Electronics,North,Distributor A,Online,2,266.95,533.9
462,2025-05-31,Health & Beauty,West,Distributor D,Online,1,206.37,206.37
463,2024-06-16,Clothing,South,Distributor C,Online,6,385.02,2310.12
464,2024-11-04,Sports,East,Distributor C,In-Store,4,99.14,396.56
465,2024-06-27,Health & Beauty,North,Distributor B,In-Store,7,473.6,3315.2
466,2024-11-02,Sports,West,Distributor C,Online,3,325.56,976.68
467,2024-07-24,Home & Garden,North,Distributor C,In-Store,1,22.44,22.44
468,2024-11-30,Clothing,North,Distributor D,In-Store,2,434.83,869.66
469,2025-01-10,Clothing,East,Distributor B,Online,8,23.28,186.24
470,2025-06-02,Health & Beauty,East,Distributor B,Online,7,134.41,940.87
471,2024-09-14,Electronics,South,Distributor C,In-Store,7,339.23,2374.61
472,2024-06-29,Sports,West,Distributor C,Online,8,61.01,488.08
473,2024-08-06,Health & Beauty,East,Distributor C,In-Store,5,97.49,487.45
474,2024-11-09,Clothing,West,Distributor D,In-Store,1,282.79,282.79
475,2024-12-31,Clothing,South,Distributor C,Online,8,58.73,469.84
476,2024-07-10,Electronics,North,Distributor A,In-Store,8,363.91,2911.28
477,2024-10-16,Electronics,North,Distributor C,Online,8,405.36,3242.88
478,2024-08-21,Health & Beauty,South,Distributor D,Online,4,472.76,1891.04
479,2025-05-21,Electronics,East,Distributor C,In-Store,6,110.44,662.64
480,2025-05-05,Health & Beauty,West,Distributor A,In-Store,7,449.2,3144.4
481,2025-02-06,Sports,East,Distributor D,Online,7,320.29,2242.03
482,2025-06-05,Clothing,South,Distributor A,Online,1,111.86,111.86
483,2025-04-01,Sports,South,Distributor C,In-Store,3,70.16,210.48
484,2024-11-28,Health & Beauty,South,Distributor A,In-Store,3,295.69,887.07
485,2025-03-12,Electronics,East,Distributor D,Online,2,447.41,894.82
486,2024-11-18,Clothing,South,Distributor A,Online,5,177.49,887.45
487,2025-03-16,Clothing,South,Distributor D,Online,2,187.9,375.8
488,2024-10-23,Home & Garden,West,Distributor D,In-Store,7,141.35,989.45
489,2025-04-27,Home & Garden,East,Distributor A,In-Store,5,179.14,895.7
490,2024-11-27,Home & Garden,East,Distributor C,In-Store,9,223.7,2013.3
491,2025-06-04,Sports,North,Distributor B,Online,3,474.74,1424.22
492,2025-05-06,Clothing,North,Distributor B,In-Store,6,392.08,2352.48
493,2025-02-03,Clothing,North,Distributor B,In-Store,1,435.55,435.55
494,2025-03-23,Electronics,South,Distributor A,Online,8,492.83,3942.64
495,2024-09-27,Sports,East,Distributor B,Online,7,401.93,2813.51
496,2024-07-18,Clothing,South,Distributor C,Online,1,247.54,247.54
497,2024-12-15,Clothing,North,Distributor D,Online,1,141.65,141.65
498,2025-01-09,Electronics,East,Distributor C,In-Store,8,352.43,2819.44
499,2025-03-28,Clothing,South,Distributor A,In-Store,9,136.36,1227.24
500,2025-03-12,Sports,West,Distributor C,In-Store,6,326.08,1956.48
501,2025-05-20,Sports,East,Distributor C,In-Store,4,74.82,299.28
502,2025-01-30,Clothing,North,Distributor B,Online,2,143.43,286.86
503,2024-09-15,Clothing,East,Distributor D,In-Store,6,458.01,2748.06
504,2025-01-05,Home & Garden,West,Distributor A,In-Store,5,409.38,2046.9
505,2024-06-13,Electronics,North,Distributor A,Online,9,144.29,1298.61
506,2024-08-19,Electronics,North,Distributor C,Online,1,208.57,208.57
507,2024-09-20,Sports,North,Distributor B,In-Store,6,416.57,2499.42
508,2024-08-06,Home & Garden,North,Distributor D,In-Store,7,62.22,435.54
509,2024-09-21,Electronics,East,Distributor D,In-Store,6,77.07,462.42
510,2025-02-20,Home & Garden,West,Distributor B,In-Store,9,140.58,1265.22
511,2025-03-15,Sports,North,Distributor C,In-Store,8,132.86,1062.88
512,2024-12-11,Clothing,West,Distributor B,In-Store,9,252.19,2269.71
513,2024-12-29,Electronics,South,Distributor A,In-Store,1,215.2,215.2
514,2024-12-04,Home & Garden,North,Distributor B,Online,2,91.48,182.96
515,2025-01-22,Sports,North,Distributor C,In-Store,1,50.57,50.57
516,2025-04-16,Health & Beauty,North,Distributor D,Online,4,387.78,1551.12
517,2025-04-24,Clothing,South,Distributor B,In-Store,5,420.17,2100.85
518,2024-08-24,Electronics,North,Distributor B,In-Store,4,362.33,1449.32
519,2024-11-06,Sports,East,Distributor C,Online,7,309.1,2163.7
520,2025-01-05,Health & Beauty,South,Distributor B,Online,6,243.26,1459.56
521,2025-03-14,Clothing,South,Distributor A,Online,8,469.05,3752.4
522,2025-04-08,Health & Beauty,East,Distributor D,Online,5,247.04,1235.2
523,2024-08-07,Sports,West,Distributor B,In-Store,4,274.52,1098.08
524,2025-05-27,Health & Beauty,East,Distributor D,In-Store,3,301.59,904.77
525,2025-02-24,Health & Beauty,South,Distributor A,Online,1,253.22,253.22
526,2025-05-26,Electronics,North,Distributor D,Online,2,315.43,630.86
527,2025-05-09,Clothing,North,Distributor C,In-Store,2,62.23,124.46
528,2024-06-07,Clothing,East,Distributor B,In-Store,9,182.25,1640.25
529,2024-12-12,Home & Garden,North,Distributor C,Online,1,252.79,252.79
530,2025-02-16,Sports,East,Distributor D,In-Store,8,223.07,1784.56
531,2024-12-10,Home & Garden,North,Distributor C,In-Store,7,47.21,330.47
532,2024-06-09,Clothing,West,Distributor B,In-Store,2,401.71,803.42
533,2024-11-23,Electronics,West,Distributor B,Online,3,143.35,430.05
534,2024-06-11,Health & Beauty,East,Distributor D,In-Store,2,60.52,121.04
535,2024-10-04,Clothing,West,Distributor B,In-Store,5,54.88,274.4
536,2024-06-06,Sports,North,Distributor A,In-Store,1,77.04,77.04
537,2025-01-17,Home & Garden,West,Distributor C,In-Store,9,228.54,2056.86
538,2024-07-30,Electronics,West,Distributor D,In-Store,8,381.61,3052.88
539,2025-03-17,Clothing,South,Distributor D,Online,5,381.93,1909.65
540,2025-06-05,Home & Garden,East,Distributor D,Online,5,349.22,1746.1
541,2025-05-07,Electronics,South,Distributor B,Online,6,490.48,2942.88
542,2025-01-12,Electronics,West,Distributor B,Online,2,249.82,499.64
543,2024-08-04,Home & Garden,West,Distributor B,In-Store,9,472.59,4253.31
544,2025-04-09,Home & Garden,South,Distributor C,Online,7,499.68,3497.76
545,2024-09-02,Electronics,East,Distributor C,Online,5,241.87,1209.35
546,2024-08-06,Sports,South,Distributor A,In-Store,7,26.63,186.41
547,2025-01-19,Sports,South,Distributor B,Online,5,368.2,1841.0
548,2025-04-19,Electronics,North,Distributor B,In-Store,3,462.95,1388.85
549,2025-04-06,Home & Garden,East,Distributor D,In-Store,2,216.66,433.32
550,2025-03-31,Sports,West,Distributor A,In-Store,2,375.08,750.16
551,2024-08-04,Sports,North,Distributor C,In-Store,4,423.83,1695.32
552,2025-05-22,Clothing,East,Distributor C,Online,2,265.99,531.98
553,2024-08-19,Electronics,North,Distributor D,In-Store,7,28.13,196.91
554,2024-08-13,Health & Beauty,North,Distributor D,In-Store,8,122.7,981.6
555,2024-08-07,Health & Beauty,West,Distributor D,Online,2,443.65,887.3
556,2025-05-08,Sports,South,Distributor B,Online,8,226.11,1808.88
557,2024-07-30,Health & Beauty,North,Distributor B,Online,7,42.02,294.14
558,2025-03-15,Home & Garden,North,Distributor A,In-Store,8,274.35,2194.8
559,2024-09-10,Electronics,South,Distributor A,In-Store,6,166.19,997.14
560,2024-09-25,Home & Garden,West,Distributor B,In-Store,2,264.88,529.76
561,2025-01-16,Clothing,North,Distributor D,In-Store,2,21.96,43.92
562,2025-06-05,Electronics,West,Distributor A,Online,2,20.42,40.84
563,2025-04-10,Health & Beauty,North,Distributor D,Online,7,100.88,706.16
564,2024-07-17,Electronics,West,Distributor C,Online,2,470.14,940.28
565,2024-12-18,Home & Garden,West,Distributor B,Online,3,44.31,132.93
566,2025-01-14,Sports,East,Distributor D,Online,4,35.82,143.28
567,2024-10-15,Health & Beauty,North,Distributor B,Online,1,206.95,206.95
568,2024-06-08,Sports,East,Distributor B,In-Store,5,245.09,1225.45
569,2024-08-07,Electronics,North,Distributor C,In-Store,8,143.13,1145.04
570,2024-12-26,Home & Garden,West,Distributor C,Online,9,386.45,3478.05
571,2024-12-26,Clothing,North,Distributor D,Online,9,174.82,1573.38
572,2025-01-06,Sports,West,Distributor B,In-Store,4,371.42,1485.68
573,2025-06-01,Electronics,East,Distributor A,In-Store,1,64.13,64.13
574,2025-05-31,Home & Garden,East,Distributor C,Online,8,150.75,1206.0
575,2025-01-19,Electronics,East,Distributor B,Online,4,360.62,1442.48
576,2024-12-27,Electronics,South,Distributor C,Online,5,30.63,153.15
577,2024-09-24,Electronics,East,Distributor B,Online,1,456.07,456.07
578,2025-04-14,Health & Beauty,South,Distributor A,Online,9,63.64,572.76
579,2025-05-08,Sports,East,Distributor A,In-Store,9,343.03,3087.27
580,2025-03-08,Sports,East,Distributor A,Online,5,395.31,1976.55
581,2025-01-12,Sports,South,Distributor A,Online,6,491.34,2948.04
582,2024-08-24,Health & Beauty,North,Distributor B,In-Store,8,239.03,1912.24
583,2024-07-20,Clothing,East,Distributor C,In-Store,2,91.85,183.7
584,2025-01-21,Clothing,West,Distributor C,Online,4,41.84,167.36
585,2024-09-09,Sports,East,Distributor C,In-Store,8,471.94,3775.52
586,2025-01-29,Home & Garden,South,Distributor C,In-Store,6,307.79,1846.74
587,2024-12-27,Home & Garden,East,Distributor D,In-Store,2,198.2,396.4
588,2024-11-18,Health & Beauty,South,Distributor C,Online,9,101.35,912.15
589,2024-08-10,Electronics,West,Distributor D,In-Store,3,414.84,1244.52
590,2024-10-22,Clothing,East,Distributor C,Online,5,38.34,191.7
591,2025-01-09,Health & Beauty,East,Distributor B,In-Store,7,443.06,3101.42
592,2025-03-18,Home & Garden,West,Distributor C,Online,3,302.66,907.98
593,2024-10-01,Home & Garden,West,Distributor C,Online,1,95.21,95.21
594,2024-09-23,Electronics,North,Distributor A,In-Store,3,381.54,1144.62
595,2024-11-07,Health & Beauty,North,Distributor A,Online,1,85.41,85.41
596,2024-07-14,Sports,West,Distributor D,Online,3,119.98,359.94
597,2024-10-08,Clothing,North,Distributor B,Online,8,376.46,3011.68
598,2025-05-20,Clothing,West,Distributor C,Online,9,300.54,2704.86
599,2024-12-17,Clothing,South,Distributor C,In-Store,5,54.83,274.15
600,2024-08-16,Home & Garden,South,Distributor B,Online,9,201.67,1815.03
601,2024-09-11,Clothing,South,Distributor C,In-Store,9,31.74,285.66
602,2024-07-23,Home & Garden,West,Distributor B,Online,2,432.44,864.88
603,2025-03-02,Health & Beauty,West,Distributor A,In-Store,9,171.24,1541.16
604,2024-07-27,Sports,West,Distributor C,In-Store,9,279.92,2519.28
605,2024-06-30,Electronics,North,Distributor B,In-Store,2,210.14,420.28
606,2025-05-10,Electronics,North,Distributor B,In-Store,6,137.28,823.68
607,2025-04-27,Sports,North,Distributor A,Online,5,33.9,169.5
608,2025-01-22,Sports,South,Distributor A,In-Store,2,49.71,99.42
609,2024-12-22,Sports,South,Distributor A,In-Store,5,495.82,2479.1
610,2025-03-07,Electronics,East,Distributor B,Online,2,252.62,505.24
611,2025-06-01,Clothing,West,Distributor B,In-Store,3,414.09,1242.27
612,2024-07-10,Clothing,East,Distributor B,In-Store,8,334.43,2675.44
613,2024-07-23,Electronics,West,Distributor A,In-Store,8,287.21,2297.68
614,2025-01-20,Health & Beauty,East,Distributor B,In-Store,1,440.53,440.53
615,2024-10-10,Clothing,West,Distributor D,Online,3,435.4,1306.2
616,2024-11-29,Clothing,East,Distributor D,In-Store,1,87.1,87.1
617,2024-11-16,Electronics,West,Distributor C,In-Store,9,173.66,1562.94
618,2025-02-08,Home & Garden,South,Distributor A,In-Store,9,465.74,4191.66
619,2024-12-01,Electronics,West,Distributor C,In-Store,4,313.12,1252.48
620,2025-05-03,Sports,North,Distributor B,In-Store,6,102.72,616.32
621,2025-01-05,Home & Garden,East,Distributor A,Online,5,441.63,2208.15
622,2025-01-27,Health & Beauty,South,Distributor D,In-Store,9,24.33,218.97
623,2024-06-17,Home & Garden,East,Distributor A,Online,7,12.52,87.64
624,2025-02-27,Home & Garden,East,Distributor B,In-Store,5,374.32,1871.6
625,2025-01-14,Clothing,West,Distributor B,In-Store,2,410.8,821.6
626,2025-04-03,Health & Beauty,North,Distributor C,In-Store,7,104.64,732.48
627,2024-12-31,Electronics,South,Distributor B,Online,1,284.32,284.32
628,2024-06-22,Clothing,East,Distributor A,Online,8,137.3,1098.4
629,2025-05-17,Home & Garden,East,Distributor D,Online,8,411.15,3289.2
630,2024-07-08,Clothing,East,Distributor A,Online,6,148.84,893.04
631,2025-05-09,Sports,North,Distributor C,Online,7,275.22,1926.54
632,2025-03-24,Health & Beauty,West,Distributor B,In-Store,2,177.52,355.04
633,2024-11-12,Electronics,South,Distributor B,In-Store,5,60.23,301.15
634,2024-08-28,Electronics,North,Distributor A,Online,4,95.14,380.56
635,2024-11-27,Electronics,South,Distributor B,In-Store,4,43.24,172.96
636,2024-12-01,Sports,South,Distributor C,In-Store,1,387.78,387.78
637,2024-08-21,Home & Garden,East,Distributor B,In-Store,1,295.26,295.26
638,2024-10-23,Clothing,North,Distributor C,Online,1,38.38,38.38
639,2024-11-25,Sports,South,Distributor B,In-Store,8,32.41,259.28
640,2025-05-15,Sports,North,Distributor A,Online,2,495.17,990.34
641,2024-12-16,Clothing,North,Distributor B,Online,4,327.31,1309.24
642,2025-03-26,Sports,North,Distributor C,In-Store,4,381.55,1526.2
643,2024-06-15,Electronics,East,Distributor A,In-Store,7,42.16,295.12
644,2024-08-14,Clothing,South,Distributor B,In-Store,1,168.57,168.57
645,2024-10-29,Health & Beauty,South,Distributor C,In-Store,3,133.73,401.19
646,2025-03-23,Electronics,East,Distributor C,Online,7,228.49,1599.43
647,2024-11-22,Electronics,East,Distributor C,Online,2,498.59,997.18
648,2024-11-25,Electronics,East,Distributor D,Online,1,60.07,60.07
649,2024-07-14,Health & Beauty,West,Distributor D,Online,9,90.18,811.62
650,2025-04-13,Clothing,East,Distributor B,In-Store,7,414.7,2902.9
651,2025-05-11,Clothing,East,Distributor B,Online,4,421.57,1686.28
652,2025-04-19,Clothing,South,Distributor A,Online,4,330.71,1322.84
653,2025-02-11,Electronics,North,Distributor D,Online,3,475.92,1427.76
654,2025-02-11,Health & Beauty,North,Distributor D,In-Store,8,221.84,1774.72
655,2025-01-14,Health & Beauty,West,Distributor D,In-Store,5,455.67,2278.35
656,2025-02-23,Health & Beauty,South,Distributor C,Online,5,322.88,1614.4
657,2025-01-25,Sports,East,Distributor C,Online,6,382.45,2294.7
658,2025-05-11,Sports,West,Distributor C,Online,5,492.15,2460.75
659,2024-08-17,Electronics,North,Distributor B,In-Store,1,167.16,167.16
660,2024-12-06,Sports,East,Distributor D,Online,6,122.68,736.08
661,2025-05-26,Sports,West,Distributor C,In-Store,3,25.26,75.78
662,2024-08-03,Health & Beauty,West,Distributor B,In-Store,9,360.31,3242.79
663,2025-02-27,Sports,East,Distributor D,Online,2,433.54,867.08
664,2024-08-29,Health & Beauty,West,Distributor C,In-Store,8,88.03,704.24
665,2024-12-29,Health & Beauty,South,Distributor D,Online,9,435.63,3920.67
666,2025-04-11,Sports,West,Distributor D,In-Store,5,85.29,426.45
667,2024-06-16,Health & Beauty,South,Distributor A,In-Store,2,382.9,765.8
668,2025-01-16,Electronics,South,Distributor C,Online,3,400.43,1201.29
669,2024-12-28,Electronics,North,Distributor A,In-Store,5,456.8,2284.0
670,2025-02-16,Electronics,North,Distributor D,In-Store,3,100.87,302.61
671,2024-08-05,Clothing,West,Distributor C,Online,9,10.6,95.4
672,2024-12-15,Electronics,East,Distributor A,Online,7,71.34,499.38
673,2024-08-12,Electronics,East,Distributor A,Online,4,220.85,883.4
674,2025-02-21,Electronics,South,Distributor D,In-Store,6,120.51,723.06
675,2025-04-02,Sports,North,Distributor C,Online,6,295.17,1771.02
676,2024-09-09,Clothing,North,Distributor D,Online,5,299.23,1496.15
677,2024-12-14,Electronics,West,Distributor A,Online,8,162.08,1296.64
678,2025-01-11,Health & Beauty,East,Distributor A,Online,1,15.69,15.69
679,2025-05-02,Health & Beauty,West,Distributor D,Online,2,343.42,686.84
680,2025-03-31,Health & Beauty,West,Distributor A,In-Store,2,245.17,490.34
681,2024-12-30,Clothing,West,Distributor A,In-Store,6,152.91,917.46
682,2025-02-12,Electronics,West,Distributor A,In-Store,9,431.46,3883.14
683,2024-11-13,Home & Garden,East,Distributor A,In-Store,6,454.83,2728.98
684,2025-05-27,Health & Beauty,North,Distributor A,In-Store,6,377.09,2262.54
685,2024-11-27,Sports,West,Distributor A,In-Store,9,128.6,1157.4
686,2024-12-09,Clothing,South,Distributor C,Online,9,289.74,2607.66
687,2025-01-25,Home & Garden,South,Distributor A,In-Store,6,312.9,1877.4
688,2024-08-21,Electronics,North,Distributor A,Online,4,179.55,718.2
689,2024-08-05,Sports,East,Distributor B,Online,8,14.79,118.32
690,2025-04-15,Clothing,East,Distributor D,Online,1,263.68,263.68
691,2024-07-08,Electronics,South,Distributor A,In-Store,1,442.44,442.44
692,2025-01-11,Sports,North,Distributor C,Online,1,414.01,414.01
693,2024-12-07,Clothing,South,Distributor B,Online,6,167.83,1006.98
694,2025-05-19,Electronics,West,Distributor C,In-Store,6,288.1,1728.6
695,2024-08-18,Electronics,North,Distributor D,In-Store,2,412.51,825.02
696,2024-12-05,Sports,North,Distributor C,Online,7,338.49,2369.43
697,2024-06-17,Clothing,West,Distributor C,Online,8,321.85,2574.8
698,2024-11-18,Health & Beauty,West,Distributor C,Online,3,449.15,1347.45
699,2025-03-25,Home & Garden,North,Distributor B,In-Store,9,468.74,4218.66
700,2024-09-11,Sports,East,Distributor B,In-Store,7,310.34,2172.38
701,2024-06-11,Electronics,East,Distributor B,Online,9,357.44,3216.96
702,2025-02-23,Electronics,South,Distributor D,Online,8,474.2,3793.6
703,2024-11-09,Health & Beauty,West,Distributor A,Online,4,176.33,705.32
704,2024-07-30,Sports,North,Distributor C,In-Store,7,333.8,2336.6
705,2024-12-03,Health & Beauty,West,Distributor C,Online,4,302.76,1211.04
706,2025-03-13,Clothing,West,Distributor B,Online,6,231.64,1389.84
707,2025-01-22,Health & Beauty,South,Distributor B,Online,3,29.97,89.91
708,2024-06-09,Sports,East,Distributor B,Online,2,39.57,79.14
709,2025-02-01,Home & Garden,North,Distributor A,Online,7,328.64,2300.48
710,2024-12-01,Electronics,East,Distributor D,In-Store,9,437.17,3934.53
711,2025-03-01,Clothing,West,Distributor C,In-Store,3,488.17,1464.51
712,2024-12-29,Clothing,South,Distributor C,Online,4,374.7,1498.8
713,2025-05-18,Sports,South,Distributor C,Online,7,222.49,1557.43
714,2024-06-16,Electronics,West,Distributor B,Online,3,89.22,267.66
715,2024-10-27,Electronics,North,Distributor B,Online,6,362.41,2174.46
716,2024-08-01,Electronics,South,Distributor D,Online,6,172.83,1036.98
717,2024-12-07,Clothing,South,Distributor D,Online,8,487.65,3901.2
718,2024-09-06,Electronics,West,Distributor D,Online,3,49.95,149.85
719,2024-07-15,Electronics,South,Distributor D,Online,3,343.31,1029.93
720,2024-09-25,Health & Beauty,East,Distributor A,In-Store,6,25.02,150.12
721,2025-01-26,Health & Beauty,East,Distributor C,Online,1,421.82,421.82
722,2025-02-27,Clothing,North,Distributor B,In-Store,1,435.45,435.45
723,2024-08-27,Sports,West,Distributor A,In-Store,8,218.49,1747.92
724,2024-07-27,Health & Beauty,South,Distributor C,Online,4,370.32,1481.28
725,2025-03-31,Sports,North,Distributor D,In-Store,4,257.37,1029.48
726,2024-08-06,Clothing,North,Distributor B,In-Store,2,434.85,869.7
727,2025-03-24,Health & Beauty,North,Distributor D,Online,9,224.92,2024.28
728,2024-09-06,Clothing,North,Distributor A,In-Store,5,203.8,1019.0
729,2024-09-02,Sports,South,Distributor A,In-Store,4,437.98,1751.92
730,2024-08-25,Sports,North,Distributor C,In-Store,2,398.55,797.1
731,2024-11-12,Home & Garden,South,Distributor A,In-Store,7,145.65,1019.55
732,2024-09-25,Electronics,West,Distributor A,In-Store,3,149.09,447.27
733,2024-06-29,Home & Garden,South,Distributor C,In-Store,3,315.25,945.75
734,2024-10-28,Sports,South,Distributor A,Online,8,419.64,3357.12
735,2024-08-21,Health & Beauty,West,Distributor B,In-Store,1,74.47,74.47
736,2024-11-05,Home & Garden,East,Distributor B,In-Store,8,208.6,1668.8
737,2024-08-06,Clothing,North,Distributor D,In-Store,7,319.94,2239.58
738,2024-09-19,Health & Beauty,East,Distributor B,Online,2,98.68,197.36
739,2025-04-18,Electronics,East,Distributor B,In-Store,5,43.88,219.4
740,2024-11-26,Health & Beauty,West,Distributor C,In-Store,9,131.14,1180.26
741,2024-06-10,Home & Garden,East,Distributor C,In-Store,8,293.91,2351.28
742,2024-06-24,Clothing,North,Distributor C,Online,4,300.55,1202.2
743,2024-10-27,Health & Beauty,West,Distributor B,In-Store,6,329.54,1977.24
744,2024-10-31,Home & Garden,East,Distributor B,In-Store,9,485.01,4365.09
745,2025-01-25,Sports,West,Distributor C,In-Store,2,430.41,860.82
746,2024-10-27,Health & Beauty,North,Distributor D,Online,5,169.34,846.7
747,2025-02-04,Health & Beauty,West,Distributor D,In-Store,8,303.37,2426.96
748,2024-08-14,Home & Garden,North,Distributor B,Online,4,485.21,1940.84
749,2024-06-24,Home & Garden,West,Distributor D,Online,3,226.59,679.77
750,2024-09-13,Health & Beauty,South,Distributor C,Online,9,221.13,1990.17
751,2025-03-31,Home & Garden,West,Distributor C,In-Store,4,298.06,1192.24
752,2025-05-18,Home & Garden,South,Distributor B,Online,1,133.74,133.74
753,2025-02-04,Clothing,West,Distributor C,Online,6,92.13,552.78
754,2025-02-10,Sports,West,Distributor B,Online,9,306.71,2760.39
755,2025-01-19,Electronics,North,Distributor A,In-Store,5,271.42,1357.1
756,2024-12-26,Electronics,North,Distributor A,Online,1,423.64,423.64
757,2025-03-12,Home & Garden,West,Distributor A,In-Store,8,296.82,2374.56
758,2024-11-10,Health & Beauty,North,Distributor D,Online,6,110.86,665.16
759,2024-07-13,Health & Beauty,North,Distributor B,In-Store,4,142.18,568.72
760,2025-01-14,Clothing,East,Distributor B,In-Store,2,70.26,140.52
761,2025-03-27,Electronics,West,Distributor D,In-Store,5,468.94,2344.7
762,2025-04-27,Home & Garden,West,Distributor C,Online,1,69.83,69.83
763,2025-03-31,Clothing,South,Distributor C,Online,6,98.21,589.26
764,2025-01-17,Home & Garden,South,Distributor B,Online,5,60.62,303.1
765,2025-01-05,Home & Garden,East,Distributor D,Online,3,30.37,91.11
766,2024-10-29,Home & Garden,West,Distributor D,Online,4,493.45,1973.8
767,2025-05-02,Electronics,East,Distributor D,In-Store,8,346.12,2768.96
768,2024-08-29,Home & Garden,North,Distributor C,In-Store,2,168.33,336.66
769,2025-02-15,Home & Garden,South,Distributor D,In-Store,9,294.25,2648.25
770,2024-10-28,Home & Garden,East,Distributor A,Online,8,262.64,2101.12
771,2025-05-07,Home & Garden,West,Distributor A,Online,2,177.9,355.8
772,2025-02-19,Home & Garden,North,Distributor C,In-Store,6,78.43,470.58
773,2025-05-26,Electronics,East,Distributor C,In-Store,4,355.29,1421.16
774,2025-03-02,Health & Beauty,West,Distributor C,Online,7,89.57,626.99
775,2024-06-13,Home & Garden,East,Distributor C,Online,5,56.01,280.05
776,2024-10-28,Sports,South,Distributor B,In-Store,8,86.52,692.16
777,2024-08-16,Home & Garden,East,Distributor D,In-Store,6,435.39,2612.34
778,2024-12-25,Clothing,West,Distributor D,Online,6,135.1,810.6
779,2024-08-17,Clothing,East,Distributor D,Online,1,420.68,420.68
780,2024-11-16,Electronics,South,Distributor D,Online,2,129.63,259.26
781,2024-10-28,Clothing,South,Distributor A,In-Store,8,433.66,3469.28
782,2024-07-13,Electronics,North,Distributor C,In-Store,1,24.89,24.89
783,2024-11-02,Health & Beauty,West,Distributor C,In-Store,8,399.8,3198.4
784,2025-04-17,Sports,East,Distributor C,Online,4,341.49,1365.96
785,2025-05-03,Sports,North,Distributor B,In-Store,3,471.03,1413.09
786,2025-04-13,Electronics,North,Distributor C,In-Store,5,336.82,1684.1
787,2024-06-10,Home & Garden,South,Distributor C,Online,9,62.23,560.07
788,2025-01-13,Electronics,South,Distributor C,In-Store,2,499.71,999.42
789,2024-11-27,Health & Beauty,West,Distributor C,In-Store,6,165.87,995.22
790,2024-09-03,Clothing,South,Distributor A,In-Store,1,209.38,209.38
791,2024-12-21,Sports,West,Distributor D,Online,9,54.34,489.06
792,2025-04-30,Home & Garden,North,Distributor D,In-Store,9,63.46,571.14
793,2024-09-28,Sports,West,Distributor B,In-Store,2,208.03,416.06
794,2025-06-05,Home & Garden,North,Distributor D,In-Store,4,337.12,1348.48
795,2024-10-24,Electronics,South,Distributor C,In-Store,6,451.67,2710.02
796,2024-06-24,Sports,North,Distributor D,In-Store,9,165.43,1488.87
797,2024-07-20,Electronics,East,Distributor D,In-Store,1,68.9,68.9
798,2024-07-01,Health & Beauty,West,Distributor D,Online,6,328.05,1968.3
799,2024-09-10,Clothing,South,Distributor A,In-Store,5,169.05,845.25
800,2024-11-27,Home & Garden,East,Distributor D,In-Store,7,286.09,2002.63
801,2024-12-26,Health & Beauty,South,Distributor D,Online,3,200.39,601.17
802,2024-07-13,Health & Beauty,West,Distributor D,In-Store,9,302.28,2720.52
803,2024-07-03,Sports,East,Distributor B,In-Store,1,227.77,227.77
804,2024-08-19,Electronics,East,Distributor C,In-Store,6,45.87,275.22
805,2024-11-28,Electronics,North,Distributor A,Online,3,92.54,277.62
806,2024-09-17,Health & Beauty,South,Distributor D,In-Store,2,237.11,474.22
807,2024-09-25,Health & Beauty,North,Distributor C,Online,3,275.76,827.28
808,2024-07-24,Home & Garden,South,Distributor C,In-Store,8,264.35,2114.8
809,2025-05-02,Health & Beauty,West,Distributor C,Online,6,457.98,2747.88
810,2025-03-24,Sports,North,Distributor C,Online,9,196.3,1766.7
811,2024-11-26,Electronics,South,Distributor D,In-Store,2,268.05,536.1
812,2025-05-28,Clothing,North,Distributor C,Online,4,307.87,1231.48
813,2024-08-11,Health & Beauty,East,Distributor B,In-Store,7,408.36,2858.52
814,2025-05-31,Health & Beauty,West,Distributor B,Online,2,360.59,721.18
815,2024-11-11,Electronics,East,Distributor B,In-Store,5,105.93,529.65
816,2025-02-13,Home & Garden,West,Distributor D,In-Store,7,449.39,3145.73
817,2024-11-21,Health & Beauty,West,Distributor A,In-Store,5,450.03,2250.15
818,2025-05-02,Clothing,West,Distributor A,Online,9,330.8,2977.2
819,2025-05-18,Home & Garden,South,Distributor C,Online,3,39.53,118.59
820,2024-12-28,Health & Beauty,South,Distributor A,In-Store,5,244.8,1224.0
821,2024-07-04,Clothing,South,Distributor A,Online,3,59.7,179.1
822,2025-01-07,Home & Garden,East,Distributor A,In-Store,4,135.82,543.28
823,2025-05-11,Home & Garden,South,Distributor B,Online,4,338.35,1353.4
824,2024-10-02,Home & Garden,East,Distributor A,Online,3,294.66,883.98
825,2025-01-18,Sports,South,Distributor B,In-Store,4,361.64,1446.56
826,2024-10-24,Home & Garden,West,Distributor D,Online,2,143.59,287.18
827,2025-03-12,Electronics,East,Distributor C,Online,4,413.36,1653.44
828,2024-07-15,Health & Beauty,East,Distributor B,Online,7,343.75,2406.25
829,2025-03-04,Electronics,West,Distributor B,In-Store,7,267.33,1871.31
830,2024-07-23,Clothing,South,Distributor A,In-Store,7,154.69,1082.83
831,2025-05-16,Sports,West,Distributor B,In-Store,1,287.98,287.98
832,2025-05-07,Sports,East,Distributor D,In-Store,8,481.83,3854.64
833,2024-08-21,Sports,South,Distributor A,In-Store,4,52.65,210.6
834,2025-02-01,Sports,East,Distributor D,Online,6,279.61,1677.66
835,2025-03-27,Clothing,South,Distributor A,In-Store,8,267.98,2143.84
836,2024-08-02,Sports,North,Distributor A,Online,7,322.61,2258.27
837,2024-10-07,Health & Beauty,East,Distributor B,In-Store,5,443.26,2216.3
838,2025-02-05,Electronics,East,Distributor C,In-Store,9,398.93,3590.37
839,2024-12-26,Sports,East,Distributor A,Online,8,211.4,1691.2
840,2024-07-14,Electronics,North,Distributor B,Online,8,387.27,3098.16
841,2025-04-18,Health & Beauty,East,Distributor C,Online,1,126.07,126.07
842,2025-04-15,Health & Beauty,West,Distributor C,In-Store,5,158.01,790.05
843,2024-07-15,Health & Beauty,West,Distributor B,In-Store,8,413.08,3304.64
844,2024-08-12,Home & Garden,West,Distributor A,Online,7,337.1,2359.7
845,2024-08-25,Home & Garden,South,Distributor B,In-Store,2,385.66,771.32
846,2025-04-14,Home & Garden,South,Distributor D,Online,1,217.73,217.73
847,2025-04-29,Health & Beauty,South,Distributor C,In-Store,5,92.33,461.65
848,2024-07-30,Clothing,East,Distributor D,In-Store,3,435.94,1307.82
849,2025-04-18,Home & Garden,North,Distributor C,Online,1,116.2,116.2
850,2025-03-09,Home & Garden,North,Distributor C,In-Store,1,97.44,97.44
851,2024-08-30,Sports,South,Distributor A,In-Store,5,324.57,1622.85
852,2024-09-06,Sports,East,Distributor D,Online,7,277.88,1945.16
853,2025-05-13,Home & Garden,West,Distributor A,In-Store,9,201.54,1813.86
854,2024-10-25,Health & Beauty,West,Distributor A,In-Store,9,253.42,2280.78
855,2024-11-18,Electronics,East,Distributor D,In-Store,2,144.52,289.04
856,2024-06-17,Health & Beauty,East,Distributor B,Online,7,350.62,2454.34
857,2024-12-27,Electronics,East,Distributor C,Online,3,226.93,680.79
858,2025-05-01,Home & Garden,West,Distributor B,Online,7,365.01,2555.07
859,2025-03-01,Health & Beauty,North,Distributor C,In-Store,7,177.13,1239.91
860,2025-02-18,Home & Garden,South,Distributor C,Online,3,305.58,916.74
861,2024-08-29,Home & Garden,East,Distributor B,Online,6,293.41,1760.46
862,2024-08-04,Sports,East,Distributor C,Online,7,388.59,2720.13
863,2024-11-11,Electronics,South,Distributor C,In-Store,4,51.97,207.88
864,2024-06-25,Home & Garden,East,Distributor D,In-Store,1,301.92,301.92
865,2024-10-06,Electronics,East,Distributor B,Online,9,168.45,1516.05
866,2025-01-20,Sports,West,Distributor D,Online,6,183.95,1103.7
867,2024-08-24,Electronics,South,Distributor B,In-Store,4,226.78,907.12
868,2024-07-17,Health & Beauty,West,Distributor C,Online,2,338.11,676.22
869,2025-02-05,Health & Beauty,East,Distributor D,In-Store,5,142.86,714.3
870,2025-04-06,Sports,South,Distributor D,In-Store,8,328.93,2631.44
871,2024-10-15,Health & Beauty,East,Distributor C,In-Store,6,123.11,738.66
872,2025-06-05,Home & Garden,North,Distributor D,In-Store,3,103.26,309.78
873,2025-05-29,Clothing,North,Distributor C,In-Store,2,497.13,994.26
874,2024-06-11,Clothing,South,Distributor D,In-Store,2,187.84,375.68
875,2025-03-14,Clothing,East,Distributor C,In-Store,3,368.02,1104.06
876,2025-03-24,Home & Garden,North,Distributor D,Online,4,39.47,157.88
877,2024-11-25,Home & Garden,South,Distributor B,In-Store,4,481.22,1924.88
878,2024-07-17,Health & Beauty,South,Distributor A,Online,9,93.53,841.77
879,2025-04-03,Health & Beauty,West,Distributor B,In-Store,9,412.69,3714.21
880,2025-01-04,Home & Garden,South,Distributor A,In-Store,1,157.42,157.42
881,2025-04-26,Health & Beauty,North,Distributor B,In-Store,8,399.77,3198.16
882,2025-04-14,Health & Beauty,South,Distributor C,Online,7,205.66,1439.62
883,2025-05-31,Home & Garden,North,Distributor C,Online,8,19.81,158.48
884,2025-04-28,Sports,West,Distributor B,In-Store,4,464.23,1856.92
885,2024-08-28,Home & Garden,North,Distributor B,Online,1,422.6,422.6
886,2025-05-30,Electronics,East,Distributor B,In-Store,5,55.54,277.7
887,2025-02-27,Electronics,West,Distributor A,Online,6,53.67,322.02
888,2024-09-18,Health & Beauty,East,Distributor B,Online,7,433.7,3035.9
889,2025-03-18,Health & Beauty,East,Distributor A,Online,5,414.77,2073.85
890,2024-07-04,Health & Beauty,North,Distributor D,Online,6,88.06,528.36
891,2025-04-21,Clothing,East,Distributor C,Online,4,158.53,634.12
892,2025-01-27,Clothing,South,Distributor A,Online,2,177.42,354.84
893,2025-02-21,Sports,South,Distributor B,In-Store,9,52.94,476.46
894,2024-08-15,Sports,North,Distributor C,Online,9,281.36,2532.24
895,2024-06-21,Health & Beauty,North,Distributor D,In-Store,3,204.52,613.56
896,2025-01-27,Clothing,East,Distributor A,Online,7,471.77,3302.39
897,2025-05-01,Home & Garden,North,Distributor A,Online,2,262.68,525.36
898,2025-05-06,Health & Beauty,South,Distributor D,In-Store,3,395.28,1185.84
899,2025-03-09,Health & Beauty,West,Distributor D,In-Store,6,287.62,1725.72
900,2025-05-10,Electronics,South,Distributor A,Online,4,112.17,448.68
901,2024-12-11,Electronics,South,Distributor A,Online,1,67.02,67.02
902,2025-05-04,Sports,East,Distributor C,In-Store,2,317.7,635.4
903,2024-06-11,Sports,South,Distributor C,Online,8,270.92,2167.36
904,2025-03-30,Clothing,North,Distributor C,Online,6,79.23,475.38
905,2025-02-22,Home & Garden,East,Distributor C,In-Store,7,159.29,1115.03
906,2025-02-04,Health & Beauty,West,Distributor B,In-Store,9,168.04,1512.36
907,2025-01-20,Home & Garden,West,Distributor B,Online,3,95.03,285.09
908,2025-02-23,Clothing,East,Distributor A,Online,2,119.57,239.14
909,2025-05-12,Home & Garden,West,Distributor B,In-Store,4,290.79,1163.16
910,2025-02-05,Health & Beauty,North,Distributor D,In-Store,9,291.83,2626.47
911,2024-12-20,Sports,East,Distributor B,In-Store,6,163.73,982.38
912,2024-11-21,Electronics,East,Distributor B,In-Store,1,307.06,307.06
913,2025-01-31,Electronics,West,Distributor A,Online,6,416.37,2498.22
914,2025-06-02,Home & Garden,South,Distributor D,In-Store,4,256.26,1025.04
915,2024-09-30,Home & Garden,East,Distributor A,In-Store,9,414.35,3729.15
916,2025-03-17,Clothing,East,Distributor B,In-Store,5,69.66,348.3
917,2024-11-05,Clothing,East,Distributor C,Online,5,22.65,113.25
918,2024-08-11,Home & Garden,South,Distributor D,Online,9,123.95,1115.55
919,2025-03-23,Health & Beauty,South,Distributor B,In-Store,4,225.36,901.44
920,2024-10-04,Home & Garden,West,Distributor C,In-Store,6,10.16,60.96
921,2024-10-29,Sports,West,Distributor A,In-Store,2,328.6,657.2
922,2025-05-04,Clothing,North,Distributor A,In-Store,3,199.37,598.11
923,2024-06-14,Home & Garden,North,Distributor C,Online,5,392.57,1962.85
924,2024-10-24,Home & Garden,East,Distributor D,In-Store,9,38.5,346.5
925,2024-12-18,Sports,South,Distributor C,In-Store,2,38.31,76.62
926,2024-09-20,Home & Garden,North,Distributor C,In-Store,8,155.7,1245.6
927,2024-10-02,Clothing,East,Distributor B,In-Store,7,127.2,890.4
928,2025-04-03,Home & Garden,South,Distributor A,In-Store,3,46.57,139.71
929,2025-03-08,Clothing,East,Distributor B,Online,3,97.11,291.33
930,2024-10-22,Sports,West,Distributor D,Online,1,259.62,259.62
931,2025-02-24,Sports,North,Distributor B,Online,7,122.16,855.12
932,2024-06-20,Sports,North,Distributor D,In-Store,5,311.46,1557.3
933,2025-02-15,Electronics,South,Distributor B,Online,4,95.14,380.56
934,2025-05-16,Electronics,East,Distributor D,Online,4,268.25,1073.0
935,2025-02-08,Electronics,North,Distributor D,Online,7,364.92,2554.44
936,2024-11-28,Home & Garden,South,Distributor D,Online,5,444.44,2222.2
937,2024-08-07,Home & Garden,South,Distributor C,In-Store,3,190.2,570.6
938,2025-05-05,Electronics,North,Distributor C,In-Store,6,415.49,2492.94
939,2024-09-13,Sports,North,Distributor C,Online,5,199.67,998.35
940,2024-11-09,Electronics,South,Distributor A,Online,5,15.41,77.05
941,2025-06-03,Home & Garden,North,Distributor A,Online,2,75.56,151.12
942,2024-10-07,Home & Garden,South,Distributor B,In-Store,5,19.4,97.0
943,2024-12-22,Electronics,East,Distributor C,In-Store,5,382.54,1912.7
944,2024-10-13,Electronics,South,Distributor D,In-Store,8,272.3,2178.4
945,2025-05-31,Clothing,North,Distributor A,In-Store,1,168.52,168.52
946,2025-02-10,Health & Beauty,East,Distributor B,In-Store,2,318.36,636.72
947,2024-07-19,Clothing,West,Distributor C,In-Store,5,402.75,2013.75
948,2025-01-03,Health & Beauty,West,Distributor D,In-Store,4,191.99,767.96
949,2024-11-23,Electronics,East,Distributor D,In-Store,1,278.5,278.5
950,2024-11-19,Home & Garden,East,Distributor A,Online,5,423.73,2118.65
951,2024-11-02,Home & Garden,North,Distributor C,In-Store,7,83.13,581.91
952,2024-07-09,Health & Beauty,South,Distributor A,Online,4,433.68,1734.72
953,2024-11-02,Home & Garden,North,Distributor D,Online,2,243.25,486.5
954,2024-12-13,Sports,West,Distributor A,Online,9,310.9,2798.1
955,2024-11-20,Electronics,South,Distributor A,Online,6,202.27,1213.62
956,2024-08-31,Clothing,West,Distributor B,In-Store,1,478.11,478.11
957,2024-12-18,Home & Garden,South,Distributor A,In-Store,1,332.76,332.76
958,2024-06-08,Health & Beauty,West,Distributor A,In-Store,9,347.19,3124.71
959,2025-04-26,Health & Beauty,East,Distributor A,Online,1,422.03,422.03
960,2024-10-06,Health & Beauty,South,Distributor D,In-Store,8,236.12,1888.96
961,2025-04-02,Sports,West,Distributor C,In-Store,7,333.08,2331.56
962,2025-05-10,Clothing,East,Distributor C,In-Store,6,321.97,1931.82
963,2025-04-15,Electronics,North,Distributor A,Online,1,42.66,42.66
964,2024-08-16,Home & Garden,West,Distributor D,Online,8,442.41,3539.28
965,2025-03-18,Health & Beauty,South,Distributor C,In-Store,5,371.34,1856.7
966,2024-06-24,Clothing,West,Distributor A,Online,1,227.2,227.2
967,2025-01-08,Health & Beauty,South,Distributor A,Online,8,30.42,243.36
968,2025-02-25,Home & Garden,North,Distributor B,In-Store,9,375.64,3380.76
969,2024-10-18,Clothing,North,Distributor B,In-Store,1,45.32,45.32
970,2025-05-10,Home & Garden,North,Distributor D,Online,8,61.63,493.04
971,2024-11-07,Clothing,West,Distributor B,In-Store,1,478.69,478.69
972,2024-08-27,Clothing,North,Distributor C,In-Store,5,199.92,999.6
973,2024-12-15,Electronics,South,Distributor B,In-Store,4,181.35,725.4
974,2025-02-22,Home & Garden,North,Distributor A,In-Store,3,334.07,1002.21
975,2025-05-01,Electronics,South,Distributor A,In-Store,3,95.31,285.93
976,2024-06-23,Electronics,West,Distributor C,In-Store,5,279.31,1396.55
977,2025-01-24,Clothing,South,Distributor A,In-Store,6,384.54,2307.24
978,2024-11-26,Health & Beauty,North,Distributor B,Online,6,50.48,302.88
979,2024-07-12,Sports,West,Distributor C,Online,1,154.77,154.77
980,2025-02-27,Clothing,South,Distributor C,Online,8,316.09,2528.72
981,2024-08-31,Clothing,North,Distributor C,In-Store,2,337.0,674.0
982,2024-08-03,Health & Beauty,West,Distributor D,Online,3,69.48,208.44
983,2024-08-06,Health & Beauty,West,Distributor D,Online,4,389.57,1558.28
984,2025-01-06,Clothing,East,Distributor B,In-Store,9,480.31,4322.79
985,2024-10-07,Home & Garden,East,Distributor A,Online,7,30.56,213.92
986,2024-11-18,Sports,East,Distributor C,In-Store,2,167.89,335.78
987,2025-05-24,Clothing,South,Distributor D,In-Store,4,153.48,613.92
988,2025-04-23,Home & Garden,South,Distributor D,In-Store,8,65.84,526.72
989,2025-04-26,Electronics,West,Distributor B,Online,5,460.95,2304.75
990,2024-07-11,Health & Beauty,East,Distributor A,In-Store,2,72.77,145.54
991,2024-10-24,Clothing,South,Distributor B,In-Store,1,464.76,464.76
992,2024-06-07,Electronics,South,Distributor A,Online,7,56.56,395.92
993,2024-07-06,Electronics,West,Distributor B,In-Store,8,221.72,1773.76
994,2024-11-02,Health & Beauty,East,Distributor B,Online,9,90.21,811.89
995,2024-12-18,Clothing,West,Distributor C,Online,4,127.94,511.76
996,2025-02-21,Electronics,West,Distributor C,In-Store,5,341.23,1706.15
997,2025-03-06,Sports,South,Distributor A,In-Store,3,444.59,1333.77
998,2025-04-05,Electronics,East,Distributor C,Online,8,496.28,3970.24
999,2025-02-01,Sports,North,Distributor D,Online,7,440.84,3085.88
1000,2025-05-11,Health & Beauty,North,Distributor A,Online,9,276.57,2489.13
